
create table level_position (id bigint generated by default as identity (start with 1), version bigint not null, level_id bigint not null, pos integer not null, team_id bigint, primary key (id))

select * from ladder

INSERT INTO LADDER (ID,VERSION,NAME) VALUES (1,0,'single');
INSERT INTO LADDER (ID,VERSION,NAME) VALUES (2,0,'mix double');

select * from level


INSERT INTO LEVEL (ID,VERSION,LADDER_ID,LEVEL) VALUES (1,0,1,1);
INSERT INTO LEVEL (ID,VERSION,LADDER_ID,LEVEL) VALUES (2,0,1,2);
INSERT INTO LEVEL (ID,VERSION,LADDER_ID,LEVEL) VALUES (3,0,1,3);
INSERT INTO LEVEL (ID,VERSION,LADDER_ID,LEVEL) VALUES (4,0,1,4);
INSERT INTO LEVEL (ID,VERSION,LADDER_ID,LEVEL) VALUES (5,0,1,5);
INSERT INTO LEVEL (ID,VERSION,LADDER_ID,LEVEL) VALUES (6,0,2,1);
INSERT INTO LEVEL (ID,VERSION,LADDER_ID,LEVEL) VALUES (7,0,2,2);
INSERT INTO LEVEL (ID,VERSION,LADDER_ID,LEVEL) VALUES (8,0,2,3);
INSERT INTO LEVEL (ID,VERSION,LADDER_ID,LEVEL) VALUES (9,0,2,4);

select * from team


INSERT INTO TEAM (ID,VERSION,LADDER_ID,LAST_MATCH_SCHEDULE_ID,PLAYER1_ID,PLAYER2_ID,POSITION_ID,STATUS) VALUES (1,0,1,null,2,null,null,'DEFENDER');
INSERT INTO TEAM (ID,VERSION,LADDER_ID,LAST_MATCH_SCHEDULE_ID,PLAYER1_ID,PLAYER2_ID,POSITION_ID,STATUS) VALUES (2,0,1,null,3,null,null,'DEFENDER');
INSERT INTO TEAM (ID,VERSION,LADDER_ID,LAST_MATCH_SCHEDULE_ID,PLAYER1_ID,PLAYER2_ID,POSITION_ID,STATUS) VALUES (3,0,1,null,4,null,null,'DEFENDER');
INSERT INTO TEAM (ID,VERSION,LADDER_ID,LAST_MATCH_SCHEDULE_ID,PLAYER1_ID,PLAYER2_ID,POSITION_ID,STATUS) VALUES (4,0,1,null,5,null,null,'DEFENDER');
INSERT INTO TEAM (ID,VERSION,LADDER_ID,LAST_MATCH_SCHEDULE_ID,PLAYER1_ID,PLAYER2_ID,POSITION_ID,STATUS) VALUES (5,0,1,null,6,null,null,'DEFENDER');
INSERT INTO TEAM (ID,VERSION,LADDER_ID,LAST_MATCH_SCHEDULE_ID,PLAYER1_ID,PLAYER2_ID,POSITION_ID,STATUS) VALUES (6,0,1,null,7,null,null,'DEFENDER');
INSERT INTO TEAM (ID,VERSION,LADDER_ID,LAST_MATCH_SCHEDULE_ID,PLAYER1_ID,PLAYER2_ID,POSITION_ID,STATUS) VALUES (7,0,1,null,8,null,null,'DEFENDER');
INSERT INTO TEAM (ID,VERSION,LADDER_ID,LAST_MATCH_SCHEDULE_ID,PLAYER1_ID,PLAYER2_ID,POSITION_ID,STATUS) VALUES (8,0,1,null,9,null,null,'DEFENDER');
INSERT INTO TEAM (ID,VERSION,LADDER_ID,LAST_MATCH_SCHEDULE_ID,PLAYER1_ID,PLAYER2_ID,POSITION_ID,STATUS) VALUES (9,0,1,null,10,null,null,'DEFENDER');
INSERT INTO TEAM (ID,VERSION,LADDER_ID,LAST_MATCH_SCHEDULE_ID,PLAYER1_ID,PLAYER2_ID,POSITION_ID,STATUS) VALUES (10,0,1,null,11,null,null,'DEFENDER');
INSERT INTO TEAM (ID,VERSION,LADDER_ID,LAST_MATCH_SCHEDULE_ID,PLAYER1_ID,PLAYER2_ID,POSITION_ID,STATUS) VALUES (11,0,1,null,12,null,null,'DEFENDER');
INSERT INTO TEAM (ID,VERSION,LADDER_ID,LAST_MATCH_SCHEDULE_ID,PLAYER1_ID,PLAYER2_ID,POSITION_ID,STATUS) VALUES (12,0,1,null,13,null,null,'DEFENDER');
INSERT INTO TEAM (ID,VERSION,LADDER_ID,LAST_MATCH_SCHEDULE_ID,PLAYER1_ID,PLAYER2_ID,POSITION_ID,STATUS) VALUES (13,0,1,null,1,null,null,'DEFENDER');
INSERT INTO TEAM (ID,VERSION,LADDER_ID,LAST_MATCH_SCHEDULE_ID,PLAYER1_ID,PLAYER2_ID,POSITION_ID,STATUS) VALUES (14,0,1,null,14,null,null,'DEFENDER');
INSERT INTO TEAM (ID,VERSION,LADDER_ID,LAST_MATCH_SCHEDULE_ID,PLAYER1_ID,PLAYER2_ID,POSITION_ID,STATUS) VALUES (15,0,1,null,15,null,null,'DEFENDER');
INSERT INTO TEAM (ID,VERSION,LADDER_ID,LAST_MATCH_SCHEDULE_ID,PLAYER1_ID,PLAYER2_ID,POSITION_ID,STATUS) VALUES (16,0,1,null,16,null,null,'DEFENDER');
INSERT INTO TEAM (ID,VERSION,LADDER_ID,LAST_MATCH_SCHEDULE_ID,PLAYER1_ID,PLAYER2_ID,POSITION_ID,STATUS) VALUES (17,0,1,null,17,null,null,'DEFENDER');
INSERT INTO TEAM (ID,VERSION,LADDER_ID,LAST_MATCH_SCHEDULE_ID,PLAYER1_ID,PLAYER2_ID,POSITION_ID,STATUS) VALUES (18,0,1,null,18,null,null,'DEFENDER');
INSERT INTO TEAM (ID,VERSION,LADDER_ID,LAST_MATCH_SCHEDULE_ID,PLAYER1_ID,PLAYER2_ID,POSITION_ID,STATUS) VALUES (19,0,1,null,19,null,null,'DEFENDER');
INSERT INTO TEAM (ID,VERSION,LADDER_ID,LAST_MATCH_SCHEDULE_ID,PLAYER1_ID,PLAYER2_ID,POSITION_ID,STATUS) VALUES (20,0,1,null,20,null,null,'DEFENDER');
INSERT INTO TEAM (ID,VERSION,LADDER_ID,LAST_MATCH_SCHEDULE_ID,PLAYER1_ID,PLAYER2_ID,POSITION_ID,STATUS) VALUES (21,0,1,null,21,null,null,'DEFENDER');
INSERT INTO TEAM (ID,VERSION,LADDER_ID,LAST_MATCH_SCHEDULE_ID,PLAYER1_ID,PLAYER2_ID,POSITION_ID,STATUS) VALUES (22,0,1,null,22,null,null,'DEFENDER');
INSERT INTO TEAM (ID,VERSION,LADDER_ID,LAST_MATCH_SCHEDULE_ID,PLAYER1_ID,PLAYER2_ID,POSITION_ID,STATUS) VALUES (23,0,1,null,23,null,null,'DEFENDER');
INSERT INTO TEAM (ID,VERSION,LADDER_ID,LAST_MATCH_SCHEDULE_ID,PLAYER1_ID,PLAYER2_ID,POSITION_ID,STATUS) VALUES (24,0,1,null,24,null,null,'DEFENDER');
INSERT INTO TEAM (ID,VERSION,LADDER_ID,LAST_MATCH_SCHEDULE_ID,PLAYER1_ID,PLAYER2_ID,POSITION_ID,STATUS) VALUES (25,0,1,null,46,null,null,'DEFENDER');
INSERT INTO TEAM (ID,VERSION,LADDER_ID,LAST_MATCH_SCHEDULE_ID,PLAYER1_ID,PLAYER2_ID,POSITION_ID,STATUS) VALUES (26,0,2,null,3,5,null,'DEFENDER');
INSERT INTO TEAM (ID,VERSION,LADDER_ID,LAST_MATCH_SCHEDULE_ID,PLAYER1_ID,PLAYER2_ID,POSITION_ID,STATUS) VALUES (27,1,2,null,32,31,null,'DEFENDER');
INSERT INTO TEAM (ID,VERSION,LADDER_ID,LAST_MATCH_SCHEDULE_ID,PLAYER1_ID,PLAYER2_ID,POSITION_ID,STATUS) VALUES (28,0,2,null,25,26,null,'DEFENDER');
INSERT INTO TEAM (ID,VERSION,LADDER_ID,LAST_MATCH_SCHEDULE_ID,PLAYER1_ID,PLAYER2_ID,POSITION_ID,STATUS) VALUES (29,0,2,null,29,30,null,'DEFENDER');
INSERT INTO TEAM (ID,VERSION,LADDER_ID,LAST_MATCH_SCHEDULE_ID,PLAYER1_ID,PLAYER2_ID,POSITION_ID,STATUS) VALUES (30,0,2,null,14,33,null,'DEFENDER');
INSERT INTO TEAM (ID,VERSION,LADDER_ID,LAST_MATCH_SCHEDULE_ID,PLAYER1_ID,PLAYER2_ID,POSITION_ID,STATUS) VALUES (31,0,2,null,34,35,null,'DEFENDER');
INSERT INTO TEAM (ID,VERSION,LADDER_ID,LAST_MATCH_SCHEDULE_ID,PLAYER1_ID,PLAYER2_ID,POSITION_ID,STATUS) VALUES (32,0,2,null,37,38,null,'DEFENDER');
INSERT INTO TEAM (ID,VERSION,LADDER_ID,LAST_MATCH_SCHEDULE_ID,PLAYER1_ID,PLAYER2_ID,POSITION_ID,STATUS) VALUES (33,0,2,null,16,43,null,'DEFENDER');
INSERT INTO TEAM (ID,VERSION,LADDER_ID,LAST_MATCH_SCHEDULE_ID,PLAYER1_ID,PLAYER2_ID,POSITION_ID,STATUS) VALUES (34,0,2,null,44,45,null,'DEFENDER');


select * from player

INSERT INTO PLAYER (ID,VERSION,EMAIL,FIRST_NAME,LAST_NAME,PHONE) VALUES (1,0,'will.han@gmail.com','Will','Han','4163212524');
INSERT INTO PLAYER (ID,VERSION,EMAIL,FIRST_NAME,LAST_NAME,PHONE) VALUES (2,0,'b.minamata@sympatico.ca','BILL','MINAMATA','4162842802');
INSERT INTO PLAYER (ID,VERSION,EMAIL,FIRST_NAME,LAST_NAME,PHONE) VALUES (3,0,'KKCATCHER@CA.Ibm.com','KIM','CATCHER','4164785096');
INSERT INTO PLAYER (ID,VERSION,EMAIL,FIRST_NAME,LAST_NAME,PHONE) VALUES (4,1,'t2rare@yahoo.com','Frederick','RARA','4169079554');
INSERT INTO PLAYER (ID,VERSION,EMAIL,FIRST_NAME,LAST_NAME,PHONE) VALUES (5,0,'natsw@rogers.com','NATALIE','WONG','4165022714');
INSERT INTO PLAYER (ID,VERSION,EMAIL,FIRST_NAME,LAST_NAME,PHONE) VALUES (6,0,'sunbo11@hotmail.com','BO','SUN','4168895988');
INSERT INTO PLAYER (ID,VERSION,EMAIL,FIRST_NAME,LAST_NAME,PHONE) VALUES (7,0,'wilsonsoon@yahoo.com','WILSON','SOON','9054899921');
INSERT INTO PLAYER (ID,VERSION,EMAIL,FIRST_NAME,LAST_NAME,PHONE) VALUES (8,0,'caminliu@yahoo.com','MIN','LIU','4169889886');
INSERT INTO PLAYER (ID,VERSION,EMAIL,FIRST_NAME,LAST_NAME,PHONE) VALUES (9,1,'jrmyjgan@yahoo.com','JEREMY JAN','GAN','6472012238');
INSERT INTO PLAYER (ID,VERSION,EMAIL,FIRST_NAME,LAST_NAME,PHONE) VALUES (10,1,'sintakfong@yahoo.com','SIN TAK','FONG','4164912965');
INSERT INTO PLAYER (ID,VERSION,EMAIL,FIRST_NAME,LAST_NAME,PHONE) VALUES (11,0,'jamescai@hotmail.com','JAMES','CAI','6473398562');
INSERT INTO PLAYER (ID,VERSION,EMAIL,FIRST_NAME,LAST_NAME,PHONE) VALUES (12,0,'zrlsy@hotmail.com','STAN','LIAO','4167254391');
INSERT INTO PLAYER (ID,VERSION,EMAIL,FIRST_NAME,LAST_NAME,PHONE) VALUES (13,1,'ahdn75@hotmail.com','DAN','CORMIER','4167512654');
INSERT INTO PLAYER (ID,VERSION,EMAIL,FIRST_NAME,LAST_NAME,PHONE) VALUES (14,1,'richardzhang214@gmail.com','RICHARD','ZHANG','4167543813');
INSERT INTO PLAYER (ID,VERSION,EMAIL,FIRST_NAME,LAST_NAME,PHONE) VALUES (15,1,'antoniodelgra@yahoo.com.ph','TONY','DELGRA','6473405441');
INSERT INTO PLAYER (ID,VERSION,EMAIL,FIRST_NAME,LAST_NAME,PHONE) VALUES (16,0,'samfrancella@rogers.com','SAM','FRANCELLA','4162624771');
INSERT INTO PLAYER (ID,VERSION,EMAIL,FIRST_NAME,LAST_NAME,PHONE) VALUES (17,0,'kassgaac@gmail.com','PAUL','KASSGAACD','4162910055');
INSERT INTO PLAYER (ID,VERSION,EMAIL,FIRST_NAME,LAST_NAME,PHONE) VALUES (18,0,'lch_pang@hotmail.com','ETHAN','LI','4144355467');
INSERT INTO PLAYER (ID,VERSION,EMAIL,FIRST_NAME,LAST_NAME,PHONE) VALUES (19,0,'dong-gao2003@hotmail.com','DONG','GAO','2899995027');
INSERT INTO PLAYER (ID,VERSION,EMAIL,FIRST_NAME,LAST_NAME,PHONE) VALUES (20,0,'marcpeng@yahoo.com','MARC','PENG','4165702764');
INSERT INTO PLAYER (ID,VERSION,EMAIL,FIRST_NAME,LAST_NAME,PHONE) VALUES (21,0,'hchang9889@rogers.com','chang','hong','4164994093');
INSERT INTO PLAYER (ID,VERSION,EMAIL,FIRST_NAME,LAST_NAME,PHONE) VALUES (22,0,'yedarren@yahoo.com','DARREN','YE','4169947610');
INSERT INTO PLAYER (ID,VERSION,EMAIL,FIRST_NAME,LAST_NAME,PHONE) VALUES (23,0,'99clem@yahoo.com','CLEMENT','CHUNG','4165643308');
INSERT INTO PLAYER (ID,VERSION,EMAIL,FIRST_NAME,LAST_NAME,PHONE) VALUES (24,0,'cajianbang@hotmail.com','JIAN','DO','6473885331');
INSERT INTO PLAYER (ID,VERSION,EMAIL,FIRST_NAME,LAST_NAME,PHONE) VALUES (25,0,'jmartin10@rogers.com','JO','CLAYTON-MARTIN','4162937091');
INSERT INTO PLAYER (ID,VERSION,EMAIL,FIRST_NAME,LAST_NAME,PHONE) VALUES (26,1,'rajubhayana@yahoo.com','RAJEEV','Bhayana','4168878635');
INSERT INTO PLAYER (ID,VERSION,EMAIL,FIRST_NAME,LAST_NAME,PHONE) VALUES (27,0,'flpbest@yahoo.ca','SUZAN','ZHU','4162931406');
INSERT INTO PLAYER (ID,VERSION,EMAIL,FIRST_NAME,LAST_NAME,PHONE) VALUES (28,0,'girdhar@sympatico.ca','RAVI','GIRDHAR','4164977849');
INSERT INTO PLAYER (ID,VERSION,EMAIL,FIRST_NAME,LAST_NAME,PHONE) VALUES (29,0,'domwan@hotmail.com','DOMINIQUE','AU','6472721268');
INSERT INTO PLAYER (ID,VERSION,EMAIL,FIRST_NAME,LAST_NAME,PHONE) VALUES (30,0,'gothom@rogers.com','GORD','THOMPSON','9059489412');
INSERT INTO PLAYER (ID,VERSION,EMAIL,FIRST_NAME,LAST_NAME,PHONE) VALUES (31,0,'mariahscary@gmail.com','JOHN','RHEE','9054743660');
INSERT INTO PLAYER (ID,VERSION,EMAIL,FIRST_NAME,LAST_NAME,PHONE) VALUES (32,0,'mariahscary@gmail.com','GLORIA','KYUNG','9054743660');
INSERT INTO PLAYER (ID,VERSION,EMAIL,FIRST_NAME,LAST_NAME,PHONE) VALUES (33,0,'jenny4568@yahoo.com','JENNY','HUANG','4168738668');
INSERT INTO PLAYER (ID,VERSION,EMAIL,FIRST_NAME,LAST_NAME,PHONE) VALUES (34,0,'aurora.drapiza@sympatico.ca','AURORA','Drapiza','4164316594');
INSERT INTO PLAYER (ID,VERSION,EMAIL,FIRST_NAME,LAST_NAME,PHONE) VALUES (35,1,'edlum@rogers.com','Eddy','Lum','4165058826');
INSERT INTO PLAYER (ID,VERSION,EMAIL,FIRST_NAME,LAST_NAME,PHONE) VALUES (36,0,'girl_toronto@yahoo.com','LILIT','KHACHATRYAN','4169123447');
INSERT INTO PLAYER (ID,VERSION,EMAIL,FIRST_NAME,LAST_NAME,PHONE) VALUES (37,0,'grlee@rogers.com','GARRY','LEE','4162970281');
INSERT INTO PLAYER (ID,VERSION,EMAIL,FIRST_NAME,LAST_NAME,PHONE) VALUES (38,0,'mmklee@rogers.com','MAGGIE','LEE','4162970281');
INSERT INTO PLAYER (ID,VERSION,EMAIL,FIRST_NAME,LAST_NAME,PHONE) VALUES (39,0,'SAMMICAN@ROGERS.COM','LAURA','SOONDERAM','4162610166');
INSERT INTO PLAYER (ID,VERSION,EMAIL,FIRST_NAME,LAST_NAME,PHONE) VALUES (40,0,'dsun@dineen.com','DAVID','SUN','4165206022');
INSERT INTO PLAYER (ID,VERSION,EMAIL,FIRST_NAME,LAST_NAME,PHONE) VALUES (41,0,'shindeyas@yahoo.com','Michiko','Shinde','4164992102');
INSERT INTO PLAYER (ID,VERSION,EMAIL,FIRST_NAME,LAST_NAME,PHONE) VALUES (42,0,'','kyle','Reynolds','4162916485');
INSERT INTO PLAYER (ID,VERSION,EMAIL,FIRST_NAME,LAST_NAME,PHONE) VALUES (43,1,'rlee8788@gmail.com','RUBY','LEE','9055857315');
INSERT INTO PLAYER (ID,VERSION,EMAIL,FIRST_NAME,LAST_NAME,PHONE) VALUES (44,0,'jhollins@sympatico.ca','JIM','Hollins','4164910697');
INSERT INTO PLAYER (ID,VERSION,EMAIL,FIRST_NAME,LAST_NAME,PHONE) VALUES (45,0,'jhollins@sympatico.ca','Cheryl','Hollins','4164910697');
INSERT INTO PLAYER (ID,VERSION,EMAIL,FIRST_NAME,LAST_NAME,PHONE) VALUES (46,0,'eric_lu_2006@yahoo.ca','Eric','Lu','4167929236');
INSERT INTO PLAYER (ID,VERSION,EMAIL,FIRST_NAME,LAST_NAME,PHONE) VALUES (47,0,'ghagleitner@yahoo.ca','Georgina','Hagleitner','9058878992');
INSERT INTO PLAYER (ID,VERSION,EMAIL,FIRST_NAME,LAST_NAME,PHONE) VALUES (48,0,'weipeizou@hotmail.com','Wei Pei','Zou','6474071868');
INSERT INTO PLAYER (ID,VERSION,EMAIL,FIRST_NAME,LAST_NAME,PHONE) VALUES (49,0,'snow.hsiung@td.com','Snow','Hsiung','4162779226');
INSERT INTO PLAYER (ID,VERSION,EMAIL,FIRST_NAME,LAST_NAME,PHONE) VALUES (50,0,'aurora.drapiza@sympatico.ca','Daniel','Drapiza','4162779226');


select * from Level_position